{"cameraMode":{"drawMode":0,"name":"Shaded","section":"Shading Mode"},"sceneLighting":false,"audioPlay":false,"sceneViewState":{"m_AlwaysRefresh":false,"showFog":true,"showSkybox":false,"showFlares":true,"showImageEffects":true,"showParticleSystems":true,"showVisualEffectGraphs":true,"m_FxEnabled":true},"in2DMode":false,"pivot":{"x":-1.1578736305236817,"y":3.0804502964019777,"z":-8.718938827514649},"rotation":{"x":-0.05389159172773361,"y":0.11575654149055481,"z":-0.006878819782286882,"w":-0.9918593168258667},"size":3.5660250186920168,"orthographic":false}