{"cameraMode":{"drawMode":0,"name":"Shaded","section":"Shading Mode"},"sceneLighting":false,"audioPlay":false,"sceneViewState":{"m_AlwaysRefresh":false,"showFog":true,"showSkybox":false,"showFlares":true,"showImageEffects":true,"showParticleSystems":true,"showVisualEffectGraphs":true,"m_FxEnabled":true},"in2DMode":false,"pivot":{"x":14.929140090942383,"y":11.133427619934082,"z":-0.40462827682495119},"rotation":{"x":0.10940880328416825,"y":-0.7151509523391724,"z":0.11487948894500733,"w":0.6807851195335388},"size":1.2329236268997193,"orthographic":false}