{"cameraMode":{"drawMode":0,"name":"Shaded","section":"Shading Mode"},"sceneLighting":false,"audioPlay":false,"sceneViewState":{"m_AlwaysRefresh":false,"showFog":true,"showSkybox":false,"showFlares":true,"showImageEffects":true,"showParticleSystems":true,"showVisualEffectGraphs":true,"m_FxEnabled":true},"in2DMode":false,"pivot":{"x":-1.4606226682662964,"y":-0.10667448490858078,"z":1.4265388250350953},"rotation":{"x":-0.07597221434116364,"y":0.38808658719062807,"z":-0.032833486795425418,"w":-0.9179803729057312},"size":3.494051933288574,"orthographic":false}