{"cameraMode":{"drawMode":0,"name":"Shaded","section":"Shading Mode"},"sceneLighting":false,"audioPlay":false,"sceneViewState":{"m_AlwaysRefresh":false,"showFog":true,"showSkybox":false,"showFlares":true,"showImageEffects":true,"showParticleSystems":true,"showVisualEffectGraphs":true,"m_FxEnabled":true},"in2DMode":false,"pivot":{"x":2.6407384872436525,"y":-1.2039107084274293,"z":-37.893882751464847},"rotation":{"x":-0.0022970938589423897,"y":-0.999359667301178,"z":0.02586965076625347,"w":-0.03662171959877014},"size":21.61952018737793,"orthographic":false}