{"cameraMode":{"drawMode":0,"name":"Shaded","section":"Shading Mode"},"sceneLighting":false,"audioPlay":false,"sceneViewState":{"m_AlwaysRefresh":false,"showFog":true,"showSkybox":false,"showFlares":true,"showImageEffects":true,"showParticleSystems":true,"showVisualEffectGraphs":true,"m_FxEnabled":true},"in2DMode":false,"pivot":{"x":-2.0180442333221437,"y":8.157410621643067,"z":-0.10499999672174454},"rotation":{"x":0.22437340021133424,"y":-0.0630672350525856,"z":0.014491732232272625,"w":0.9723671674728394},"size":3.532721757888794,"orthographic":false}