{"cameraMode":{"drawMode":0,"name":"Shaded","section":"Shading Mode"},"sceneLighting":true,"audioPlay":false,"sceneViewState":{"m_AlwaysRefresh":false,"showFog":true,"showSkybox":true,"showFlares":true,"showImageEffects":true,"showParticleSystems":true,"showVisualEffectGraphs":true,"m_FxEnabled":true},"in2DMode":false,"pivot":{"x":554.9583129882813,"y":147.81619262695313,"z":1457.5037841796875},"rotation":{"x":0.07573120296001435,"y":0.03803450986742973,"z":-0.0031859567388892175,"w":0.9964439272880554},"size":1099.4830322265625,"orthographic":false}