{"cameraMode":{"drawMode":0,"name":"Shaded","section":"Shading Mode"},"sceneLighting":true,"audioPlay":false,"sceneViewState":{"m_AlwaysRefresh":false,"showFog":true,"showSkybox":true,"showFlares":true,"showImageEffects":true,"showParticleSystems":true,"showVisualEffectGraphs":true,"m_FxEnabled":true},"in2DMode":false,"pivot":{"x":579.2630615234375,"y":338.4739685058594,"z":45.7091064453125},"rotation":{"x":0.03184707462787628,"y":0.0047086686827242378,"z":0.0003986138617619872,"w":0.9995335936546326},"size":545.8553466796875,"orthographic":false}