{"cameraMode":{"drawMode":0,"name":"Shaded","section":"Shading Mode"},"sceneLighting":false,"audioPlay":false,"sceneViewState":{"m_AlwaysRefresh":false,"showFog":true,"showSkybox":false,"showFlares":true,"showImageEffects":true,"showParticleSystems":true,"showVisualEffectGraphs":true,"m_FxEnabled":true},"in2DMode":false,"pivot":{"x":-3.657111644744873,"y":-7.286623954772949,"z":8.667015075683594},"rotation":{"x":-0.2556384205818176,"y":0.009415758773684502,"z":-0.0034408275969326498,"w":-0.9671173691749573},"size":18.456111907958986,"orthographic":false}