{"cameraMode":{"drawMode":0,"name":"Shaded","section":"Shading Mode"},"sceneLighting":false,"audioPlay":false,"sceneViewState":{"m_AlwaysRefresh":false,"showFog":true,"showSkybox":false,"showFlares":true,"showImageEffects":true,"showParticleSystems":true,"showVisualEffectGraphs":true,"m_FxEnabled":true},"in2DMode":false,"pivot":{"x":29.443845748901368,"y":16.782167434692384,"z":10.502511024475098},"rotation":{"x":-0.12773755192756654,"y":0.8502900004386902,"z":-0.24969643354415894,"w":-0.44590622186660769},"size":3.763535261154175,"orthographic":false}