{"cameraMode":{"drawMode":0,"name":"Shaded","section":"Shading Mode"},"sceneLighting":false,"audioPlay":false,"sceneViewState":{"m_AlwaysRefresh":false,"showFog":true,"showSkybox":false,"showFlares":true,"showImageEffects":true,"showParticleSystems":true,"showVisualEffectGraphs":true,"m_FxEnabled":true},"in2DMode":false,"pivot":{"x":2.9630138874053957,"y":-8.977794647216797,"z":-39.61087417602539},"rotation":{"x":0.009220863692462445,"y":0.9859013557434082,"z":-0.16300484538078309,"w":0.04569686949253082},"size":30.839008331298829,"orthographic":false}