{"cameraMode":{"drawMode":0,"name":"Shaded","section":"Shading Mode"},"sceneLighting":false,"audioPlay":false,"sceneViewState":{"m_AlwaysRefresh":false,"showFog":true,"showSkybox":false,"showFlares":true,"showImageEffects":true,"showParticleSystems":true,"showVisualEffectGraphs":true,"m_FxEnabled":true},"in2DMode":false,"pivot":{"x":-3.2709920406341554,"y":-0.13744741678237916,"z":-7.0709052085876469},"rotation":{"x":-0.005351737607270479,"y":-0.9938624501228333,"z":0.03757655620574951,"w":-0.10747606307268143},"size":8.67520523071289,"orthographic":false}