{"cameraMode":{"drawMode":0,"name":"Shaded","section":"Shading Mode"},"sceneLighting":false,"audioPlay":false,"sceneViewState":{"m_AlwaysRefresh":false,"showFog":true,"showSkybox":false,"showFlares":true,"showImageEffects":true,"showParticleSystems":true,"showVisualEffectGraphs":true,"m_FxEnabled":true},"in2DMode":false,"pivot":{"x":-13.672114372253418,"y":2.034449338912964,"z":14.34270191192627},"rotation":{"x":-0.023723172023892404,"y":0.29074254631996157,"z":-0.0067705875262618069,"w":-0.9566136002540588},"size":20.34442901611328,"orthographic":false}