{"cameraMode":{"drawMode":0,"name":"Shaded","section":"Shading Mode"},"sceneLighting":false,"audioPlay":false,"sceneViewState":{"m_AlwaysRefresh":false,"showFog":true,"showSkybox":false,"showFlares":true,"showImageEffects":true,"showParticleSystems":true,"showVisualEffectGraphs":true,"m_FxEnabled":true},"in2DMode":false,"pivot":{"x":3.4233617782592775,"y":-9.626055717468262,"z":32.89906692504883},"rotation":{"x":0.12610863149166108,"y":0.08017732948064804,"z":-0.008622719906270504,"w":0.9889649748802185},"size":19.35282325744629,"orthographic":false}