{"cameraMode":{"drawMode":0,"name":"Shaded","section":"Shading Mode"},"sceneLighting":false,"audioPlay":false,"sceneViewState":{"m_AlwaysRefresh":false,"showFog":true,"showSkybox":false,"showFlares":true,"showImageEffects":true,"showParticleSystems":true,"showVisualEffectGraphs":true,"m_FxEnabled":true},"in2DMode":false,"pivot":{"x":-9.715437889099121,"y":-3.8129730224609377,"z":1.5495529174804688},"rotation":{"x":-0.2512100040912628,"y":-0.05491797998547554,"z":0.012804616242647171,"w":-0.9665281176567078},"size":12.461819648742676,"orthographic":false}