{"cameraMode":{"drawMode":0,"name":"Shaded","section":"Shading Mode"},"sceneLighting":false,"audioPlay":false,"sceneViewState":{"m_AlwaysRefresh":false,"showFog":true,"showSkybox":false,"showFlares":true,"showImageEffects":true,"showParticleSystems":true,"showVisualEffectGraphs":true,"m_FxEnabled":true},"in2DMode":false,"pivot":{"x":1.191342830657959,"y":5.665704250335693,"z":-16.053773880004884},"rotation":{"x":0.0010019828332588077,"y":-0.9981935620307922,"z":-0.05357131361961365,"w":-0.039544861763715747},"size":10.854044914245606,"orthographic":false}