{"cameraMode":{"drawMode":0,"name":"Shaded","section":"Shading Mode"},"sceneLighting":false,"audioPlay":false,"sceneViewState":{"m_AlwaysRefresh":false,"showFog":true,"showSkybox":false,"showFlares":true,"showImageEffects":true,"showParticleSystems":true,"showVisualEffectGraphs":true,"m_FxEnabled":true},"in2DMode":false,"pivot":{"x":0.8185975551605225,"y":2.042421340942383,"z":-5.441299915313721},"rotation":{"x":-0.0025594711769372226,"y":-0.9952277541160584,"z":-0.0936758890748024,"w":0.032732974737882617},"size":0.3570728898048401,"orthographic":false}